filename,temperature,humidity,days_to_harvest
unripe/1004(7).JPG,29.7,84,12
unripe/1004(8).JPG,34.8,63,16
unripe/1010(2).JPG,26.5,68,14
unripe/1039(2).JPG,28.2,69,18
unripe/1039(5).JPG,27.3,58,18
unripe/1039(6).JPG,32.8,56,15
unripe/1039(7).JPG,29.1,66,11
unripe/141(5).JPG,27.2,62,13
unripe/141(6).JPG,26.5,57,13
unripe/141(7).JPG,26.0,70,12
unripe/141(8).JPG,31.7,85,14
unripe/142(3).JPG,34.0,70,16
unripe/142(4).JPG,30.0,55,12
unripe/142(7).JPG,28.2,75,14
unripe/387(1).JPG,27.4,74,17
unripe/387(3).JPG,26.3,61,14
unripe/387(4).JPG,33.0,64,18
unripe/387(5).JPG,25.4,70,18
unripe/387(7).JPG,29.0,71,16
unripe/388(1).JPG,32.4,78,14
unripe/388(2).JPG,27.0,75,15
unripe/388(4).JPG,31.5,84,15
unripe/388(6).JPG,35.0,75,14
unripe/388(7).JPG,29.6,79,11
unripe/388(8).JPG,33.6,63,17
unripe/438(6).JPG,29.8,83,11
unripe/438(7).JPG,25.4,50,16
unripe/438(8).JPG,27.5,69,15
unripe/440(7).JPG,32.5,77,12
unripe/441(1).JPG,28.0,56,16
unripe/441(2).JPG,28.6,55,13
unripe/441(3).JPG,27.2,52,15
unripe/441(4).JPG,26.1,83,18
unripe/441(6).JPG,33.6,53,10
unripe/49(2).JPG,34.2,81,18
unripe/49(4).JPG,33.3,82,13
unripe/49(6).JPG,34.0,67,10
unripe/49(7).JPG,31.4,66,18
unripe/50(2).JPG,33.8,63,18
unripe/50(3).JPG,27.1,69,15
unripe/50(6).JPG,30.9,60,15
unripe/51(5).JPG,29.4,78,15
unripe/53(2).JPG,32.9,66,12
unripe/569(2).JPG,27.2,78,12
unripe/569(5).JPG,31.6,81,15
unripe/569(6).JPG,29.0,75,14
unripe/569(7).JPG,28.1,67,16
unripe/569(8).JPG,26.7,79,16
unripe/613(2).JPG,33.2,56,18
unripe/613(4).JPG,32.0,50,17
unripe/797(6).JPG,34.9,75,12
unripe/797(7).JPG,25.4,72,17
unripe/797(8).JPG,26.8,71,15
unripe/799(2).JPG,27.1,79,12
unripe/799(3).JPG,27.6,82,12
unripe/799(6).JPG,31.9,81,17
unripe/801(7).JPG,31.6,65,14
unripe/801(8).JPG,34.7,64,12
unripe/82(2).JPG,29.3,55,12
unripe/82(3).JPG,31.0,52,16
unripe/82(4).JPG,29.8,58,12
unripe/82(6).JPG,28.9,68,14
unripe/939(7).JPG,33.9,75,13
unripe/939(8).JPG,30.5,78,15
unripe/940(1).JPG,28.7,54,10
unripe/940(6).JPG,27.0,50,10
unripe/940(7).JPG,30.3,50,14
unripe/DSC_0041.JPG,27.4,82,16
unripe/DSC_0042.JPG,28.1,53,11
unripe/DSC_0285.JPG,27.6,71,11
unripe/DSC_0300.JPG,28.4,85,14
unripe/DSC_0301.JPG,31.3,58,14
unripe/DSC_0302.JPG,25.4,65,10
unripe/DSC_0305.JPG,29.7,62,18
unripe/DSC_0306.JPG,26.9,61,14
unripe/DSC_2874.JPG,26.5,72,10
unripe/DSC_2877.JPG,31.4,75,17
unripe/DSC_2880.JPG,28.4,66,12
unripe/DSC_2881.JPG,26.0,83,17
unripe/DSC_2885.JPG,30.8,84,16
unripe/DSC_2886.JPG,29.2,65,15
unripe/DSC_2889.JPG,26.4,73,16
unripe/DSC_2893.JPG,31.1,82,16
unripe/DSC_2894.JPG,34.9,72,14
unripe/DSC_2897.JPG,33.8,80,11
unripe/DSC_2900.JPG,31.1,55,12
unripe/DSC_2901.JPG,32.5,85,10
unripe/DSC_2908.JPG,31.6,74,13
unripe/DSC_2909.JPG,33.8,59,10
unripe/DSC_2912.JPG,27.7,67,11
unripe/DSC_2914.JPG,30.7,81,13
unripe/DSC_2916.JPG,32.9,53,13
unripe/DSC_2919.JPG,32.9,80,12
unripe/DSC_2921.JPG,33.9,69,18
unripe/DSC_2922.JPG,32.7,55,10
unripe/DSC_2923.JPG,26.4,65,11
unripe/DSC_2925.JPG,26.9,82,12
unripe/DSC_2940.JPG,33.5,67,10
unripe/DSC_2962.JPG,27.7,82,18
unripe/DSC_2985.JPG,26.4,52,10
unripe/DSC_2987.JPG,34.5,76,12
unripe/DSC_2989.JPG,29.9,61,14
unripe/DSC_2991.JPG,32.4,69,16
unripe/DSC_2992.JPG,27.7,51,15
unripe/DSC_2993.JPG,32.6,69,15
unripe/DSC_2996.JPG,32.3,66,16
unripe/DSC_2998.JPG,27.5,73,16
unripe/DSC_3003.JPG,26.9,73,18
unripe/DSC_3004.JPG,32.0,70,16
unripe/DSC_3006.JPG,33.7,63,18
unripe/DSC_3007.JPG,27.7,53,11
unripe/DSC_3013.JPG,25.7,71,10
unripe/DSC_3019.JPG,27.8,68,16
unripe/DSC_3024.JPG,28.2,66,11
unripe/DSC_3038.JPG,33.7,73,17
unripe/DSC_3042.JPG,33.8,78,13
unripe/DSC_3045.JPG,25.6,75,13
unripe/DSC_3046.JPG,26.7,63,13
unripe/DSC_3048.JPG,34.1,50,13
unripe/DSC_3051.JPG,34.1,56,10
unripe/DSC_3057.JPG,30.6,70,14
unripe/DSC_3059.JPG,28.1,60,13
unripe/DSC_3061.JPG,33.7,69,16
unripe/DSC_3069.JPG,31.2,85,14
unripe/DSC_3072.JPG,28.9,77,10
unripe/DSC_3074.JPG,25.6,56,16
unripe/DSC_3093.JPG,34.8,62,13
unripe/DSC_3102.JPG,26.6,56,14
unripe/DSC_3105.JPG,28.8,85,11
unripe/DSC_3111.JPG,31.4,75,16
unripe/DSC_3118.JPG,26.4,58,18
unripe/DSC_3122.JPG,29.0,62,12
unripe/DSC_3333.JPG,32.1,81,18
unripe/DSC_3340.JPG,32.5,51,10
unripe/DSC_3347.JPG,34.2,79,11
unripe/DSC_3368.JPG,32.9,85,17
unripe/DSC_3394.JPG,27.3,52,10
unripe/DSC_3407.JPG,33.3,50,10
unripe/DSC_3413.JPG,29.3,78,16
unripe/DSC_3415.JPG,33.6,72,12
unripe/DSC_3417.JPG,34.3,71,14
unripe/DSC_3418.JPG,32.0,58,18
unripe/DSC_3419.JPG,27.7,75,10
unripe/DSC_3434.JPG,32.4,76,18
unripe/DSC_3436.JPG,27.8,61,18
unripe/DSC_3442.JPG,33.0,62,18
unripe/DSC_3444.JPG,27.0,72,11
unripe/DSC_3450.JPG,29.1,53,17
unripe/DSC_3454.JPG,29.4,53,14
unripe/DSC_3457.JPG,28.9,73,15
unripe/DSC_3460.JPG,33.2,69,14
unripe/DSC_3473.JPG,26.2,85,12
unripe/DSC_3476.JPG,32.7,50,12
unripe/DSC_3481.JPG,31.8,55,16
unripe/DSC_3490.JPG,26.3,58,10
unripe/DSC_3496.JPG,28.1,60,16
unripe/DSC_3498.JPG,33.5,55,10
unripe/DSC_3503.JPG,25.3,73,14
unripe/DSC_3507.JPG,29.5,69,15
unripe/DSC_3592.JPG,30.7,59,15
unripe/DSC_3594.JPG,33.3,70,15
unripe/DSC_3595.JPG,29.4,69,15
unripe/DSC_3603.JPG,32.4,69,14
unripe/DSC_3604.JPG,25.5,80,16
unripe/DSC_3608.JPG,33.8,81,13
unripe/DSC_3609.JPG,32.6,67,16
unripe/DSC_3614.JPG,29.0,73,13
unripe/DSC_3615.JPG,28.3,75,18
unripe/DSC_3617.JPG,26.0,83,12
unripe/DSC_3620.JPG,30.6,55,14
unripe/DSC_3622.JPG,28.2,62,11
unripe/DSC_3624.JPG,28.2,72,15
unripe/DSC_3629.JPG,25.1,53,14
unripe/DSC_3630.JPG,26.2,56,14
unripe/DSC_3631.JPG,31.7,78,15
unripe/DSC_3804.JPG,33.2,51,11
unripe/DSC_3807.JPG,30.1,63,13
unripe/DSC_3809.JPG,25.6,69,13
unripe/DSC_3811.JPG,34.2,61,10
unripe/DSC_3813.JPG,25.4,75,13
unripe/DSC_3859.JPG,26.6,60,16
unripe/DSC_3892.JPG,32.7,79,10
unripe/DSC_3897.JPG,33.2,62,11
unripe/DSC_3901.JPG,33.1,73,14
unripe/DSC_3902.JPG,30.0,78,12
unripe/DSC_3914.JPG,31.4,78,11
unripe/DSC_3922.JPG,32.2,50,10
unripe/DSC_3952.JPG,29.2,79,10
unripe/DSC_3957.JPG,30.9,70,17
unripe/DSC_3958.JPG,25.3,60,17
unripe/DSC_3963.JPG,28.4,80,13
unripe/DSC_3965.JPG,27.3,61,13
unripe/DSC_3970.JPG,33.6,56,16
unripe/DSC_3974.JPG,25.7,81,12
unripe/DSC_3981.JPG,28.5,70,11
unripe/DSC_3993.JPG,30.3,60,14
unripe/DSC_3998.JPG,27.0,61,14
unripe/DSC_4003.JPG,32.6,68,17
unripe/DSC_4005.JPG,29.0,85,11
unripe/DSC_4008.JPG,26.0,65,18
partially_ripe/1058(4).JPG,27.3,57,8
partially_ripe/1058(6).JPG,34.4,77,8
partially_ripe/1061(3).JPG,28.1,61,4
partially_ripe/1061(6).JPG,31.0,82,8
partially_ripe/1061(8).JPG,33.6,53,5
partially_ripe/1062(7).JPG,26.0,52,8
partially_ripe/1062(8).JPG,28.8,63,4
partially_ripe/1067(1).JPG,30.7,80,7
partially_ripe/1067(2).JPG,25.9,82,6
partially_ripe/1067(3).JPG,29.3,60,5
partially_ripe/1067(4).JPG,31.1,67,8
partially_ripe/1067(6).JPG,27.0,79,9
partially_ripe/1069(4).JPG,30.5,54,4
partially_ripe/1069(7).JPG,33.2,81,7
partially_ripe/1069(8).JPG,27.5,76,5
partially_ripe/1070(1).JPG,26.0,56,5
partially_ripe/1070(4).JPG,31.7,50,5
partially_ripe/1070(6).JPG,29.0,84,9
partially_ripe/1070(8).JPG,33.2,55,8
partially_ripe/1072(8).JPG,35.0,71,8
partially_ripe/1074(6).JPG,33.8,53,9
partially_ripe/1074(7).JPG,28.4,54,6
partially_ripe/1112(3).JPG,28.7,85,9
partially_ripe/1112(4).JPG,30.8,64,6
partially_ripe/1112(6).JPG,28.5,67,9
partially_ripe/1112(7).JPG,33.2,70,6
partially_ripe/1112(8).JPG,28.2,56,6
partially_ripe/1113(4).JPG,34.2,53,9
partially_ripe/1113(7).JPG,30.1,71,5
partially_ripe/1113(8).JPG,32.5,82,5
partially_ripe/1114(3).JPG,34.1,57,9
partially_ripe/1116(1).JPG,29.2,78,5
partially_ripe/1116(3).JPG,31.7,83,8
partially_ripe/1116(6).JPG,30.3,63,6
partially_ripe/1116(7).JPG,31.7,76,5
partially_ripe/1116(8).JPG,34.1,67,5
partially_ripe/1117(1).JPG,31.0,76,8
partially_ripe/1117(2).JPG,29.9,59,5
partially_ripe/1117(4).JPG,33.9,55,7
partially_ripe/1117(5).JPG,30.0,75,6
partially_ripe/1117(6).JPG,27.3,72,6
partially_ripe/1117(8).JPG,27.8,54,4
partially_ripe/1121(8).JPG,26.3,77,7
partially_ripe/1122(1).JPG,32.0,55,7
partially_ripe/1122(2).JPG,28.1,64,4
partially_ripe/1122(3).JPG,31.4,68,4
partially_ripe/1122(5).JPG,25.0,63,7
partially_ripe/1122(7).JPG,26.5,85,9
partially_ripe/1123(8).JPG,30.0,58,9
partially_ripe/1125(3).JPG,31.1,73,9
partially_ripe/1125(4).JPG,27.7,74,5
partially_ripe/1125(7).JPG,27.5,69,6
partially_ripe/1125(8).JPG,27.3,51,5
partially_ripe/1126(1).JPG,32.1,50,8
partially_ripe/1126(7).JPG,31.6,59,5
partially_ripe/1126(8).JPG,34.5,73,5
partially_ripe/1127(1).JPG,32.3,70,8
partially_ripe/1127(2).JPG,28.1,83,6
partially_ripe/1127(4).JPG,28.0,70,9
partially_ripe/1127(7).JPG,25.5,56,6
partially_ripe/1129(7).JPG,29.5,75,8
partially_ripe/1131(4).JPG,34.5,80,9
partially_ripe/1131(7).JPG,32.4,70,4
partially_ripe/170(4).JPG,26.8,80,7
partially_ripe/170(7).JPG,30.1,74,4
partially_ripe/325(3).JPG,33.5,68,9
partially_ripe/325(4).JPG,27.8,79,4
partially_ripe/325(7).JPG,25.6,66,6
partially_ripe/326(8).JPG,34.4,65,9
partially_ripe/327(4).JPG,28.7,85,8
partially_ripe/327(8).JPG,27.6,64,9
partially_ripe/328(6).JPG,31.3,69,6
partially_ripe/328(7).JPG,25.1,77,9
partially_ripe/440(4).JPG,34.3,73,8
partially_ripe/519(2).JPG,28.3,84,8
partially_ripe/519(3).JPG,29.5,76,5
partially_ripe/519(4).JPG,34.1,80,7
partially_ripe/672(1).JPG,32.9,79,9
partially_ripe/672(2).JPG,29.8,77,8
partially_ripe/672(6).JPG,26.3,84,4
partially_ripe/672(7).JPG,30.9,71,7
partially_ripe/675(3).JPG,29.3,67,4
partially_ripe/675(8).JPG,27.1,70,7
partially_ripe/677(1).JPG,31.3,73,6
partially_ripe/684(4).JPG,34.9,72,9
partially_ripe/685(1).JPG,34.5,67,7
partially_ripe/702(7).JPG,33.3,50,4
partially_ripe/703(2).JPG,31.3,60,4
partially_ripe/703(7).JPG,34.6,65,7
partially_ripe/704(2).JPG,29.7,51,5
partially_ripe/DSC_0133.JPG,25.4,73,8
partially_ripe/DSC_0185.JPG,30.3,72,6
partially_ripe/DSC_0186.JPG,29.4,58,5
partially_ripe/DSC_0187.JPG,32.6,77,9
partially_ripe/DSC_0188.JPG,29.1,63,6
partially_ripe/DSC_0190.JPG,34.1,83,4
partially_ripe/DSC_0191.JPG,34.6,53,5
partially_ripe/DSC_0192.JPG,29.5,64,9
partially_ripe/DSC_0193.JPG,30.8,59,8
partially_ripe/DSC_0194.JPG,26.1,71,8
partially_ripe/DSC_0208.JPG,29.1,53,4
partially_ripe/DSC_0277.JPG,29.6,74,4
partially_ripe/DSC_0279.JPG,33.7,64,9
partially_ripe/DSC_0280.JPG,31.3,74,9
partially_ripe/DSC_0281.JPG,27.9,64,9
partially_ripe/DSC_0285.JPG,29.2,80,9
partially_ripe/DSC_0287.JPG,34.5,77,8
partially_ripe/DSC_0288.JPG,34.4,75,9
partially_ripe/DSC_0294.JPG,30.7,80,9
partially_ripe/DSC_0295.JPG,32.9,55,6
partially_ripe/DSC_0318.JPG,27.1,84,8
partially_ripe/DSC_0319.JPG,28.1,51,9
partially_ripe/DSC_0320.JPG,34.2,85,4
partially_ripe/DSC_0321.JPG,31.1,52,7
partially_ripe/DSC_0322.JPG,25.3,82,8
partially_ripe/DSC_0325.JPG,28.2,85,9
partially_ripe/DSC_0332.JPG,34.5,81,6
partially_ripe/DSC_0334.JPG,26.5,50,4
partially_ripe/DSC_0337.JPG,26.7,75,6
partially_ripe/DSC_0339.JPG,34.2,56,5
partially_ripe/DSC_0346.JPG,33.2,53,8
partially_ripe/DSC_0348.JPG,28.4,63,6
partially_ripe/DSC_0349.JPG,27.4,72,7
partially_ripe/DSC_0350.JPG,32.3,56,5
partially_ripe/DSC_0352.JPG,29.0,56,9
partially_ripe/DSC_0559.JPG,25.7,62,6
partially_ripe/DSC_0560.JPG,33.9,62,8
partially_ripe/DSC_0561.JPG,25.3,80,6
partially_ripe/DSC_0562.JPG,32.9,68,7
partially_ripe/DSC_0563.JPG,28.3,53,6
partially_ripe/DSC_3385.JPG,32.5,53,5
partially_ripe/DSC_3421.JPG,33.3,70,9
partially_ripe/DSC_3424.JPG,28.6,51,6
partially_ripe/DSC_3428.JPG,31.4,58,5
partially_ripe/DSC_3431.JPG,25.9,50,4
partially_ripe/DSC_3463.JPG,31.9,72,8
partially_ripe/DSC_3464.JPG,33.6,53,6
partially_ripe/DSC_3469.JPG,28.5,64,9
partially_ripe/DSC_3471.JPG,25.7,76,8
partially_ripe/DSC_3795.JPG,26.9,78,9
partially_ripe/DSC_3801.JPG,31.3,77,5
partially_ripe/DSC_3904.JPG,31.7,72,4
partially_ripe/DSC_3907.JPG,34.1,50,6
partially_ripe/DSC_3910.JPG,27.7,63,8
partially_ripe/DSC_3912.JPG,34.5,65,8
partially_ripe/DSC_3913.JPG,29.5,53,6
partially_ripe/DSC_3931.JPG,26.5,68,9
partially_ripe/DSC_3932.JPG,32.0,50,7
partially_ripe/DSC_4020.JPG,31.7,72,9
partially_ripe/DSC_4040.JPG,33.2,60,6
partially_ripe/DSC_4041.JPG,27.2,76,9
partially_ripe/DSC_4324.JPG,30.7,58,9
partially_ripe/DSC_4325.JPG,32.4,56,5
partially_ripe/DSC_4326.JPG,25.8,78,9
partially_ripe/DSC_4387.JPG,27.8,55,5
partially_ripe/DSC_4393.JPG,25.1,58,6
partially_ripe/DSC_4399.JPG,29.5,83,9
partially_ripe/DSC_4406.JPG,32.2,67,6
partially_ripe/DSC_4447.JPG,34.0,81,9
partially_ripe/DSC_4449.JPG,33.1,59,9
partially_ripe/DSC_4476.JPG,33.7,75,4
partially_ripe/DSC_4496.JPG,31.8,83,6
partially_ripe/DSC_4615.JPG,29.0,81,5
partially_ripe/DSC_4616.JPG,34.9,69,9
partially_ripe/DSC_4620.JPG,33.1,53,5
partially_ripe/DSC_4631.JPG,31.6,58,6
partially_ripe/DSC_4633.JPG,27.6,81,4
partially_ripe/DSC_4666.JPG,32.7,81,4
partially_ripe/DSC_4671.JPG,34.9,65,7
partially_ripe/DSC_4694.JPG,29.9,59,7
partially_ripe/DSC_4735.JPG,25.6,75,5
partially_ripe/DSC_4736.JPG,32.0,64,6
partially_ripe/DSC_4738.JPG,28.0,79,8
partially_ripe/DSC_4739.JPG,30.7,78,8
partially_ripe/DSC_4743.JPG,34.7,51,5
partially_ripe/DSC_4750.JPG,32.3,52,4
partially_ripe/DSC_4752.JPG,27.2,60,9
partially_ripe/DSC_4848.JPG,30.5,68,5
partially_ripe/DSC_4849.JPG,27.4,68,8
partially_ripe/DSC_4850.JPG,33.5,58,4
partially_ripe/DSC_4855.JPG,34.2,51,6
partially_ripe/DSC_4873.JPG,29.9,85,9
partially_ripe/DSC_5047.JPG,30.4,50,8
partially_ripe/DSC_5050.JPG,29.8,62,9
partially_ripe/DSC_5053.JPG,30.6,84,5
partially_ripe/DSC_5058.JPG,32.1,82,4
partially_ripe/DSC_5061.JPG,31.4,75,6
partially_ripe/DSC_5067.JPG,34.5,78,4
partially_ripe/DSC_5070.JPG,27.0,76,8
partially_ripe/DSC_5090.JPG,29.2,70,9
partially_ripe/DSC_5097.JPG,27.7,59,6
partially_ripe/DSC_5100.JPG,26.0,58,4
partially_ripe/DSC_5114.JPG,25.0,53,5
partially_ripe/DSC_5118.JPG,27.9,79,8
partially_ripe/DSC_5140.JPG,26.7,62,4
partially_ripe/DSC_5146.JPG,25.1,78,6
partially_ripe/DSC_5151.JPG,30.7,80,9
partially_ripe/DSC_5178.JPG,26.8,51,4
partially_ripe/DSC_5180.JPG,26.5,55,9
partially_ripe/DSC_5197.JPG,25.2,51,6
ripe/288(7).JPG,34.0,61,2
ripe/289(7).JPG,31.5,55,1
ripe/289(8).JPG,32.7,76,3
ripe/291(1).JPG,33.2,67,1
ripe/291(7).JPG,34.0,85,3
ripe/295(2).JPG,33.6,84,2
ripe/295(3).JPG,25.4,52,1
ripe/295(6).JPG,33.3,70,2
ripe/300(2).JPG,29.4,78,3
ripe/301(1).JPG,25.1,75,2
ripe/301(3).JPG,28.9,79,2
ripe/301(6).JPG,29.1,52,1
ripe/301(7).JPG,28.8,75,1
ripe/301(8).JPG,28.8,66,1
ripe/304(1).JPG,29.1,55,3
ripe/304(3).JPG,27.1,64,3
ripe/304(4).JPG,27.7,74,1
ripe/304(5).JPG,34.0,80,3
ripe/304(8).JPG,26.6,76,2
ripe/305(4).JPG,31.4,67,3
ripe/311(1).JPG,29.5,63,1
ripe/311(2).JPG,29.2,52,3
ripe/311(3).JPG,31.1,72,1
ripe/311(6).JPG,31.9,57,3
ripe/312(7).JPG,33.5,56,3
ripe/316(7).JPG,26.2,69,3
ripe/319(8).JPG,25.7,53,1
ripe/320(7).JPG,31.8,55,1
ripe/321(2).JPG,30.8,77,1
ripe/321(3).JPG,28.1,61,3
ripe/321(5).JPG,30.4,75,2
ripe/321(6).JPG,32.3,59,1
ripe/324(5).JPG,32.7,71,1
ripe/326(1).JPG,28.5,77,2
ripe/326(3).JPG,32.8,72,1
ripe/327(3).JPG,31.5,62,3
ripe/327(5).JPG,29.9,62,3
ripe/328(1).JPG,26.0,69,2
ripe/328(3).JPG,32.0,60,1
ripe/328(5).JPG,32.5,81,3
ripe/330(3).JPG,34.2,81,3
ripe/331(7).JPG,27.5,67,3
ripe/331(8).JPG,28.1,76,3
ripe/332(2).JPG,35.0,64,1
ripe/332(3).JPG,32.1,56,1
ripe/332(4).JPG,25.8,55,3
ripe/332(7).JPG,25.6,70,2
ripe/332(8).JPG,30.9,82,3
ripe/333(1).JPG,30.3,58,1
ripe/333(3).JPG,32.6,58,2
ripe/333(4).JPG,29.4,60,2
ripe/333(5).JPG,26.4,74,2
ripe/333(7).JPG,28.8,81,1
ripe/334(2).JPG,33.3,77,2
ripe/334(4).JPG,26.2,57,3
ripe/334(7).JPG,30.8,57,1
ripe/334(8).JPG,30.3,66,2
ripe/335(2).JPG,31.7,77,2
ripe/335(6).JPG,25.5,61,2
ripe/335(7).JPG,26.9,74,3
ripe/428(2).JPG,32.0,62,3
ripe/428(3).JPG,29.0,76,1
ripe/451(1).JPG,28.7,84,3
ripe/460(2).JPG,25.6,82,2
ripe/460(3).JPG,28.8,53,3
ripe/460(6).JPG,30.9,67,3
ripe/460(7).JPG,28.0,59,2
ripe/460(8).JPG,29.3,55,2
ripe/463(2).JPG,27.9,68,3
ripe/463(3).JPG,34.8,71,2
ripe/463(4).JPG,27.3,61,2
ripe/463(5).JPG,34.8,50,1
ripe/463(6).JPG,31.1,62,2
ripe/464(3).JPG,34.7,84,3
ripe/464(4).JPG,27.5,55,2
ripe/464(5).JPG,26.7,64,2
ripe/466(1).JPG,32.8,53,2
ripe/466(2).JPG,28.0,58,2
ripe/466(3).JPG,30.0,83,2
ripe/466(4).JPG,25.9,55,2
ripe/466(8).JPG,27.6,74,3
ripe/491(1).JPG,27.7,58,2
ripe/491(2).JPG,25.1,60,1
ripe/491(3).JPG,29.7,52,3
ripe/491(4).JPG,30.6,64,1
ripe/491(6).JPG,27.2,83,2
ripe/491(7).JPG,31.7,58,1
ripe/496(1).JPG,27.2,82,1
ripe/496(5).JPG,29.9,67,3
ripe/497(3).JPG,33.1,64,2
ripe/499(5).JPG,33.0,52,3
ripe/500(3).JPG,31.3,84,1
ripe/500(4).JPG,32.6,59,2
ripe/500(5).JPG,30.4,54,3
ripe/500(6).JPG,34.7,51,2
ripe/500(7).JPG,34.6,73,1
ripe/501(1).JPG,27.5,80,3
ripe/501(2).JPG,27.0,56,1
ripe/501(3).JPG,35.0,82,1
ripe/501(4).JPG,27.6,54,2
ripe/501(5).JPG,29.0,75,1
ripe/501(6).JPG,34.3,74,3
ripe/501(8).JPG,27.8,69,3
ripe/505(5).JPG,28.3,74,3
ripe/507(1).JPG,30.0,84,1
ripe/507(2).JPG,32.8,56,3
ripe/507(3).JPG,30.0,52,1
ripe/507(4).JPG,27.5,62,3
ripe/507(5).JPG,27.1,61,3
ripe/507(6).JPG,28.1,78,3
ripe/507(7).JPG,30.2,83,1
ripe/507(8).JPG,32.1,56,2
ripe/508(5).JPG,28.3,83,3
ripe/511(4).JPG,32.4,60,2
ripe/511(8).JPG,27.7,57,3
ripe/513(5).JPG,29.8,54,3
ripe/514(1).JPG,25.3,79,3
ripe/514(2).JPG,34.9,55,3
ripe/514(3).JPG,31.6,69,1
ripe/514(4).JPG,26.8,66,3
ripe/514(6).JPG,30.2,82,1
ripe/514(8).JPG,34.0,62,2
ripe/515(1).JPG,30.5,58,1
ripe/515(2).JPG,31.7,64,1
ripe/515(3).JPG,25.1,77,1
ripe/515(4).JPG,26.8,64,1
ripe/515(6).JPG,29.1,51,1
ripe/515(7).JPG,29.4,71,3
ripe/515(8).JPG,33.7,63,1
ripe/516(6).JPG,32.1,57,2
ripe/524(3).JPG,31.3,68,3
ripe/524(8).JPG,34.3,58,1
ripe/527(2).JPG,26.6,51,3
ripe/527(6).JPG,28.3,61,1
ripe/527(7).JPG,27.5,60,3
ripe/528(2).JPG,25.7,51,2
ripe/529(5).JPG,34.0,63,1
ripe/529(6).JPG,26.6,58,2
ripe/536(4).JPG,25.9,68,3
ripe/536(7).JPG,29.8,61,1
ripe/537(1).JPG,27.6,66,2
ripe/537(2).JPG,29.0,63,3
ripe/537(6).JPG,26.5,75,2
ripe/537(7).JPG,25.3,51,2
ripe/539(3).JPG,27.4,66,2
ripe/539(7).JPG,34.1,85,2
ripe/540(7).JPG,30.7,62,1
ripe/541(2).JPG,28.8,72,3
ripe/544(2).JPG,30.6,58,3
ripe/544(5).JPG,29.4,57,2
ripe/545(2).JPG,29.3,68,3
ripe/545(4).JPG,25.7,61,2
ripe/545(5).JPG,32.9,64,1
ripe/545(6).JPG,33.7,75,1
ripe/545(8).JPG,26.7,57,1
ripe/546(1).JPG,33.2,79,1
ripe/546(2).JPG,28.7,50,1
ripe/546(3).JPG,31.2,79,3
ripe/546(4).JPG,31.7,85,2
ripe/546(5).JPG,35.0,60,1
ripe/546(6).JPG,31.5,78,1
ripe/546(8).JPG,34.7,66,2
ripe/549(7).JPG,33.7,52,3
ripe/550(3).JPG,32.2,67,1
ripe/550(5).JPG,34.0,74,3
ripe/550(6).JPG,32.3,63,1
ripe/550(7).JPG,25.7,54,2
ripe/550(8).JPG,31.3,51,2
ripe/551(2).JPG,30.9,51,1
ripe/551(3).JPG,33.9,54,1
ripe/551(8).JPG,32.1,68,2
ripe/552(1).JPG,30.2,62,2
ripe/553(2).JPG,31.4,52,2
ripe/553(4).JPG,30.0,52,1
ripe/553(7).JPG,31.8,66,3
ripe/553(8).JPG,27.8,54,3
ripe/554(1).JPG,27.7,68,3
ripe/554(2).JPG,32.9,52,3
ripe/554(3).JPG,29.0,52,2
ripe/554(6).JPG,27.2,71,2
ripe/554(7).JPG,29.8,67,2
ripe/554(8).JPG,32.6,78,3
ripe/555(2).JPG,33.3,51,2
ripe/555(3).JPG,34.1,61,2
ripe/555(4).JPG,33.8,57,1
ripe/555(8).JPG,27.6,70,2
ripe/556(2).JPG,33.6,75,3
ripe/557(4).JPG,28.4,81,2
ripe/559(4).JPG,25.7,73,2
ripe/559(7).JPG,29.7,65,1
ripe/560(2).JPG,32.2,55,1
ripe/860(2).JPG,25.5,58,3
ripe/860(5).JPG,30.0,51,3
ripe/860(6).JPG,27.1,56,3
ripe/860(7).JPG,34.0,70,2
ripe/866(1).JPG,34.3,54,3
ripe/866(4).JPG,30.1,57,1
ripe/866(7).JPG,25.9,85,3
ripe/866(8).JPG,31.6,68,1
ripe/867(3).JPG,33.6,65,3
ripe/Screenshot 2026-05-16 121408.png,33.2,83,3
ripe/Screenshot 2026-05-16 121432.png,27.0,85,3
ripe/Screenshot 2026-05-16 121438.png,29.5,67,1
ripe/Screenshot 2026-05-16 121452.png,32.4,79,2
ripe/Screenshot 2026-05-16 121508.png,25.7,68,3
ripe/Screenshot 2026-05-16 121527.png,26.1,81,3
ripe/Screenshot 2026-05-16 121534.png,28.9,69,1
ripe/Screenshot 2026-05-16 121542.png,25.5,78,3
ripe/Screenshot 2026-05-16 121836.png,28.9,70,1
ripe/Screenshot 2026-05-16 121855.png,33.4,54,3
ripe/Screenshot 2026-05-16 121900.png,25.9,63,2
ripe/Screenshot 2026-05-16 122209.png,30.5,66,3
ripe/Screenshot 2026-05-16 122233.png,33.7,59,2
ripe/Screenshot 2026-05-16 122253.png,25.6,69,2
ripe/Screenshot 2026-05-16 122301.png,27.1,76,2
ripe/Screenshot 2026-05-16 122328.png,33.3,79,3
ripe/Screenshot 2026-05-16 122337.png,33.6,60,2
ripe/Screenshot 2026-05-16 122354.png,25.2,66,3
ripe/Screenshot 2026-05-16 122408.png,30.0,55,1
ripe/Screenshot 2026-05-16 122412.png,29.5,50,1
ripe/Screenshot 2026-05-16 122425.png,32.4,68,2
ripe/Screenshot 2026-05-16 122502.png,31.5,58,3
ripe/Screenshot 2026-05-16 122520.png,28.5,65,1
ripe/Screenshot 2026-05-16 122607.png,31.9,68,2
ripe/WhatsApp Image 2026-05-16 at 12.36.23 PM.jpeg,31.7,54,2
